force,rank,Latitude,Longitude,searches,linked_finds,find_rate
avon-and-somerset,1,51.525605,-2.595396,152,107,0.7039473684210527
avon-and-somerset,2,51.45929,-2.576637,112,37,0.33035714285714285
avon-and-somerset,3,51.456685,-2.586981,82,34,0.4146341463414634
avon-and-somerset,4,51.525403,-2.598546,76,54,0.7105263157894737
avon-and-somerset,5,51.347233,-2.975759,71,21,0.29577464788732394
bedfordshire,1,51.878543,-0.421262,142,20,0.14084507042253522
bedfordshire,2,51.8831,-0.376845,115,49,0.4260869565217391
bedfordshire,3,51.878609,-0.415876,113,16,0.1415929203539823
bedfordshire,4,51.880252,-0.418645,101,27,0.26732673267326734
bedfordshire,5,52.138384,-0.471477,82,25,0.3048780487804878
cambridgeshire,1,52.205622,0.118912,75,27,0.36
cambridgeshire,2,52.572933,-0.241374,72,21,0.2916666666666667
cambridgeshire,3,52.577328,-0.23404,58,17,0.29310344827586204
cambridgeshire,4,52.574355,-0.24207,54,15,0.2777777777777778
cambridgeshire,5,52.203247,0.130463,49,18,0.3673469387755102
cheshire,1,53.388724,-2.592915,442,129,0.2918552036199095
cheshire,2,53.190664,-2.891324,436,142,0.3256880733944954
cheshire,3,53.207231,-2.91112,373,133,0.35656836461126007
cheshire,4,53.196815,-2.881452,364,123,0.33791208791208793
cheshire,5,53.097176,-2.438784,324,91,0.2808641975308642
city-of-london,1,51.516869,-0.081113,257,109,0.42412451361867703
city-of-london,2,51.517296,-0.081902,208,77,0.3701923076923077
city-of-london,3,51.513736,-0.095224,171,80,0.4678362573099415
city-of-london,4,51.512105,-0.085089,159,87,0.5471698113207547
city-of-london,5,51.517326,-0.079883,118,49,0.4152542372881356
cleveland,1,54.566205,-1.310449,530,98,0.18490566037735848
cleveland,2,54.593647,-1.084676,471,63,0.1337579617834395
cleveland,3,54.580304,-1.236892,411,91,0.22141119221411193
cleveland,4,54.686256,-1.214733,254,73,0.2874015748031496
cleveland,5,54.56376,-1.328013,168,42,0.25
cumbria,1,54.892192,-2.932526,335,146,0.43582089552238806
cumbria,2,54.890439,-2.931409,281,117,0.41637010676156583
cumbria,3,54.797879,-2.872123,253,84,0.33201581027667987
cumbria,4,54.696805,-2.797082,243,60,0.24691358024691357
cumbria,5,54.654081,-2.755401,194,40,0.20618556701030927
derbyshire,1,52.922546,-1.47758,224,216,0.9642857142857143
derbyshire,2,52.923232,-1.474948,188,182,0.9680851063829787
derbyshire,3,52.924372,-1.47245,182,178,0.978021978021978
derbyshire,4,52.923112,-1.480438,125,121,0.968
derbyshire,5,52.921623,-1.474997,121,115,0.9504132231404959
devon-and-cornwall,1,50.722868,-3.533187,162,36,0.2222222222222222
devon-and-cornwall,2,50.37083,-4.143694,158,31,0.1962025316455696
devon-and-cornwall,3,50.467932,-3.532336,134,19,0.1417910447761194
devon-and-cornwall,4,50.369753,-4.152815,110,16,0.14545454545454545
devon-and-cornwall,5,50.728337,-3.520089,106,25,0.2358490566037736
dorset,1,50.722301,-1.866628,90,27,0.3
dorset,2,50.716097,-1.875668,80,13,0.1625
dorset,3,50.719362,-1.880632,78,25,0.32051282051282054
dorset,4,50.608861,-2.448337,44,12,0.2727272727272727
dorset,5,50.615703,-2.453477,44,4,0.09090909090909091
durham,1,54.524571,-1.554509,127,56,0.4409448818897638
durham,2,54.776976,-1.575372,88,42,0.4772727272727273
durham,3,54.777805,-1.581286,79,24,0.3037974683544304
durham,4,54.523523,-1.555478,78,34,0.4358974358974359
durham,5,54.5239,-1.557884,60,21,0.35
dyfed-powys,1,51.682288,-4.161979,65,14,0.2153846153846154
dyfed-powys,2,52.414284,-4.085581,61,25,0.4098360655737705
dyfed-powys,3,51.797748,-4.98006,58,0,0.0
dyfed-powys,4,52.415114,-4.085414,57,31,0.543859649122807
dyfed-powys,5,52.410417,-4.07876,56,19,0.3392857142857143
essex,1,51.895141,0.268499,402,0,0.0
essex,2,51.882602,0.258873,281,0,0.0
essex,3,51.487198,0.279751,262,0,0.0
essex,4,51.53295,0.720783,260,0,0.0
essex,5,51.533512,0.717471,167,0,0.0
gloucestershire,1,51.864813,-2.246268,93,54,0.5806451612903226
gloucestershire,2,51.863615,-2.242674,88,38,0.4318181818181818
gloucestershire,3,51.864339,-2.243009,61,34,0.5573770491803278
gloucestershire,4,51.865118,-2.241898,52,30,0.5769230769230769
gloucestershire,5,51.862182,-2.240227,51,25,0.49019607843137253
hampshire,1,50.911254,-1.40544,300,101,0.33666666666666667
hampshire,2,51.061647,-1.309664,179,93,0.5195530726256983
hampshire,3,50.908544,-1.395917,178,45,0.25280898876404495
hampshire,4,50.796334,-1.093081,138,45,0.32608695652173914
hampshire,5,50.912561,-1.404201,116,47,0.4051724137931034
hertfordshire,1,51.655158,-0.397318,87,22,0.25287356321839083
hertfordshire,2,51.899514,-0.204955,80,27,0.3375
hertfordshire,3,51.753997,-0.47407,76,16,0.21052631578947367
hertfordshire,4,51.75356,-0.335465,70,16,0.22857142857142856
hertfordshire,5,51.765908,-0.238102,66,21,0.3181818181818182
humberside,1,53.564213,-0.087779,59,20,0.3389830508474576
humberside,2,53.590788,-0.653644,36,6,0.16666666666666666
humberside,3,53.565857,-0.083265,25,9,0.36
humberside,4,53.560885,-0.030657,24,5,0.20833333333333334
humberside,5,53.565057,-0.088873,23,4,0.17391304347826086
kent,1,51.438271,0.273989,256,181,0.70703125
kent,2,51.274772,0.522536,201,82,0.4079601990049751
kent,3,51.273344,0.523616,191,72,0.3769633507853403
kent,4,51.43898,0.26801,189,123,0.6507936507936508
kent,5,51.438053,0.269798,188,140,0.7446808510638298
lancashire,1,53.818817,-3.053815,530,0,0.0
lancashire,2,53.816249,-3.052475,439,0,0.0
lancashire,3,53.757672,-2.696508,426,0,0.0
lancashire,4,53.820603,-3.052098,349,0,0.0
lancashire,5,53.757504,-2.700676,311,0,0.0
leicestershire,1,52.541,-1.373297,159,42,0.2641509433962264
leicestershire,2,52.633053,-1.129306,127,26,0.2047244094488189
leicestershire,3,52.636041,-1.133444,119,33,0.2773109243697479
leicestershire,4,52.630693,-1.129885,90,21,0.23333333333333334
leicestershire,5,52.539571,-1.37494,80,27,0.3375
lincolnshire,1,53.215736,-0.547088,259,47,0.18146718146718147
lincolnshire,2,53.142416,0.343471,123,15,0.12195121951219512
lincolnshire,3,53.229316,-0.536486,110,19,0.17272727272727273
lincolnshire,4,53.144086,0.337073,100,17,0.17
lincolnshire,5,52.902769,-0.634032,82,11,0.13414634146341464
merseyside,1,53.402476,-3.017986,1508,20,0.013262599469496022
merseyside,2,53.412471,-2.993536,1489,73,0.049026192075218265
merseyside,3,53.403796,-2.981662,1152,222,0.19270833333333334
merseyside,4,53.403277,-2.982417,1088,232,0.21323529411764705
merseyside,5,53.445072,-2.989404,976,95,0.09733606557377049
metropolitan,1,51.378124,-0.102799,826,0,0.0
metropolitan,2,51.514365,-0.143408,727,0,0.0
metropolitan,3,51.459998,-0.116895,702,0,0.0
metropolitan,4,51.509807,-0.131055,683,0,0.0
metropolitan,5,51.564764,-0.10553,626,0,0.0
norfolk,1,52.627637,1.297161,42,27,0.6428571428571429
norfolk,2,52.62697,1.292367,38,14,0.3684210526315789
norfolk,3,52.413786,0.747903,34,6,0.17647058823529413
norfolk,4,52.627028,1.288661,34,11,0.3235294117647059
norfolk,5,52.757051,0.403901,33,18,0.5454545454545454
north-wales,1,53.322603,-3.489671,101,23,0.22772277227722773
north-wales,2,53.320423,-3.490721,95,21,0.22105263157894736
north-wales,3,53.320086,-3.489674,87,11,0.12643678160919541
north-wales,4,53.322575,-3.493349,82,17,0.2073170731707317
north-wales,5,53.319505,-3.492266,78,10,0.1282051282051282
north-yorkshire,1,53.905633,-1.186416,8,2,0.25
north-yorkshire,2,54.277667,-0.409609,8,3,0.375
north-yorkshire,3,54.345084,-1.438864,8,2,0.25
north-yorkshire,4,54.402222,-1.735047,8,6,0.75
north-yorkshire,5,53.852759,-1.349605,7,4,0.5714285714285714
northamptonshire,1,52.237604,-0.900544,129,50,0.3875968992248062
northamptonshire,2,52.236462,-0.900499,127,29,0.2283464566929134
northamptonshire,3,52.238433,-0.890184,111,22,0.1981981981981982
northamptonshire,4,52.235566,-0.896977,108,33,0.3055555555555556
northamptonshire,5,52.302712,-0.692068,94,39,0.4148936170212766
northumbria,1,54.998913,-1.432079,407,258,0.6339066339066339
northumbria,2,54.974293,-1.610834,375,285,0.76
northumbria,3,54.974347,-1.613055,370,268,0.7243243243243244
northumbria,4,54.957949,-1.66949,288,253,0.8784722222222222
northumbria,5,54.97675,-1.61481,230,184,0.8
nottinghamshire,1,54.00728,-2.896877,161,68,0.422360248447205
nottinghamshire,2,52.953648,-1.149438,122,59,0.48360655737704916
nottinghamshire,3,52.953179,-1.149253,103,52,0.5048543689320388
nottinghamshire,4,52.953688,-1.147502,74,34,0.4594594594594595
nottinghamshire,5,52.954501,-1.148096,72,28,0.3888888888888889
south-wales,1,51.476639,-3.175372,114,29,0.2543859649122807
south-wales,2,51.473586,-3.176748,98,34,0.3469387755102041
south-wales,3,51.622684,-3.946194,83,18,0.21686746987951808
south-wales,4,51.481461,-3.179557,70,22,0.3142857142857143
south-wales,5,51.605387,-3.339283,60,19,0.31666666666666665
staffordshire,1,53.01015,-2.225291,278,85,0.3057553956834532
staffordshire,2,53.011161,-2.228009,177,51,0.288135593220339
staffordshire,3,52.80405,-2.12257,128,33,0.2578125
staffordshire,4,52.804497,-2.115792,96,23,0.23958333333333334
staffordshire,5,53.0254,-2.174402,94,23,0.24468085106382978
suffolk,1,52.057101,1.156234,92,22,0.2391304347826087
suffolk,2,52.055981,1.155761,79,25,0.31645569620253167
suffolk,3,52.055349,1.15485,65,22,0.3384615384615385
suffolk,4,52.058159,1.156353,55,11,0.2
suffolk,5,52.244906,0.710847,45,13,0.28888888888888886
surrey,1,51.404644,-0.513346,2979,327,0.10976837865055387
surrey,2,51.239503,-0.576622,477,228,0.4779874213836478
surrey,3,51.243975,-0.195881,404,182,0.4504950495049505
surrey,4,51.434468,-0.505257,283,118,0.4169611307420495
surrey,5,51.240135,-0.165215,236,47,0.19915254237288135
sussex,1,50.823684,-0.133831,1230,470,0.3821138211382114
sussex,2,50.828302,-0.414241,427,144,0.3372365339578454
sussex,3,51.116206,-0.181516,422,137,0.3246445497630332
sussex,4,50.787841,0.297725,406,188,0.4630541871921182
sussex,5,50.789205,-0.671776,321,115,0.3582554517133956
thames-valley,1,51.507187,-0.597664,222,37,0.16666666666666666
thames-valley,2,51.506541,-0.585796,134,39,0.291044776119403
thames-valley,3,51.627668,-0.751227,130,34,0.26153846153846155
thames-valley,4,52.041456,-0.766689,126,32,0.25396825396825395
thames-valley,5,51.45294,-0.97664,124,21,0.1693548387096774
west-mercia,1,52.306517,-1.9362,44,31,0.7045454545454546
west-mercia,2,52.679312,-2.451736,41,19,0.4634146341463415
west-mercia,3,52.716376,-2.725278,41,30,0.7317073170731707
west-mercia,4,52.677764,-2.440464,38,29,0.7631578947368421
west-mercia,5,52.210596,-2.167729,37,28,0.7567567567567568
west-midlands,1,52.479128,-1.898553,683,7,0.010248901903367497
west-midlands,2,52.478083,-1.895744,452,7,0.015486725663716814
west-midlands,3,52.479565,-1.894592,440,1,0.0022727272727272726
west-midlands,4,52.480169,-1.896088,417,1,0.002398081534772182
west-midlands,5,52.477277,-1.911175,374,2,0.0053475935828877
west-yorkshire,1,53.796033,-1.541964,497,377,0.7585513078470825
west-yorkshire,2,53.796355,-1.536859,303,271,0.8943894389438944
west-yorkshire,3,53.81726,-1.515987,205,149,0.7268292682926829
west-yorkshire,4,53.782391,-1.709491,198,163,0.8232323232323232
west-yorkshire,5,53.64534,-1.786642,190,166,0.8736842105263158
wiltshire,1,51.560868,-1.785302,125,39,0.312
wiltshire,2,51.068271,-1.790412,55,15,0.2727272727272727
wiltshire,3,51.06915,-1.79419,43,11,0.2558139534883721
wiltshire,4,51.565837,-1.774559,40,8,0.2
wiltshire,5,51.458611,-2.114852,37,13,0.35135135135135137
